log_id,date_bogota,category,title,cause_event_consequence,probability,impact,owner,trigger_or_evidence,response_or_decision,contingency,status
"CTL-001","2026-08-26","DECISION","Use hybrid delivery","Stable deadline and gates coexist with visual/content uncertainty","n/a","high","Codex","PMBOK tailoring","Predictive gates plus adaptive implementation and feedback","Reassess at every gate","ACTIVE"
"CTL-002","2026-08-26","ISSUE","No approved visual target","Three materially different mockups exist and later evidence keeps acceptance conditional","occurred","high","Luis","Puntos pp.1-2 and visual audit","Ask Luis to select; recommend 5:38:50 home plus 5:19:36 listing/detail","Continue nonvisual work only until selection","OPEN"
"CTL-003","2026-08-26","CONTRADICTION","Burgundy versus gold branding","Brief specifies burgundy while later meeting/mockups request gold apple on black","n/a","high","Luis","Brief pp.1,4; meeting pp.24-25","Escalate visual token decision","Keep tokens reversible","OPEN"
"CTL-004","2026-08-26","RISK","Deadline capacity gap","If production CMS/content/legal remain in scope then 130-215 h exceeds 57.6 h pre-QA capacity causing incomplete or unsafe release","high","critical","Codex/Luis","less than 72 h remain","Alert red; prioritize vertical frontend and local CMS contract; protect 20% QA reserve","Increase capacity/date or accept explicit exceptions","ACTIVE"
"CTL-005","2026-08-26","ISSUE","Missing real content and rights","No approved profiles/media/consents/legal copy/channel destinations are present","occurred","critical","Luis","source inventory","Do not create public or preview profiles; restrict synthetic records to automated tests and block publication","Load real records only after documented approvals","OPEN"
"CTL-006","2026-08-26","RISK","CMS persistence and media infrastructure undecided","If DB/auth/object storage remain undefined then secure multiuser CMS and upload cannot be proven","high","critical","Luis/Nelson","no provider or credentials","Implement contracts/local proof and document provider gates","Select provider and run staging UAT","ACTIVE"
"CTL-007","2026-08-26","DECISION","Preserve existing implementation","Clean repo at 013307a contains Madrid/Barcelona landings but not full requested product","n/a","medium","Codex","Git audit","Create independent clones and do not edit source repo","Rollback to 013307a","CLOSED"
"CTL-008","2026-08-26","ISSUE","AppData dependency links virtualized","Sandbox redirected pnpm paths in external clone and broke executable resolution","occurred","medium","Codex","lint module-not-found despite files","Use isolated workspace clone for build; keep AppData snapshot for recovery and mirror validated release","Reinstall dependencies at final location before smoke","MITIGATED"
"CTL-009","2026-08-26","RISK","Legal/privacy noncompliance","If third-party legal text or unverified adult imagery is published then copyright privacy consent or age risks may materialize","medium","critical","Luis/Legal","Felina cited only as reference; no rights package","Publish no profile/person media or legal copy pending approval and evidence","Keep profiles/media absent and analytics disabled","ACTIVE"
"CTL-010","2026-08-26","DECISION","No external deployment","GitHub checkpoint publication was later authorized but merge hosting and production remain unauthorized","n/a","high","Codex","scope boundary plus CTL-011","Keep PR draft; do not merge host publish or deploy","Request separate authorization for any further external action","ACTIVE"
"CTL-011","2026-08-26","CHANGE","GitHub checkpoint authorized","User explicitly authorized GitHub publication despite non-operational state","occurred","medium","Codex","direct user instruction","Created private Artoto45/pecadosvip-web-delivery and draft PR 1 from codex/pagina-web-checkpoint","Keep PR draft and do not merge or deploy without separate authority","CLOSED"
"CTL-012","2026-08-26","ISSUE","Integrated security scan unavailable","Standard scan failed on a nested dependency sourcemap and diff scan could not resolve the worktree","occurred","medium","Codex","scanner errors recorded in session","Ran scoped high-confidence secret pattern review over commit candidates; zero matches; disclose incomplete security coverage","Repeat supported scan before production release","OPEN"
"CTL-013","2026-08-27","DECISION","CMS domain contract is not an operational CMS","Auth DB object storage and admin UI remain undecided while lifecycle safety can be verified locally","n/a","high","Codex/Luis","28 contract tests and two repository audits","Implemented a fail-closed in-memory repository with runtime roles optimistic revisions replay protection soft delete aggregate publication validation and audit; explicitly label it local-only","Select infrastructure and run authenticated staging UAT before any operational claim","ACTIVE"
"CTL-014","2026-08-27","DECISION","Public profile projection remains a domain contract","Visual selection profile content and an HTTP route are unavailable while exposure controls can be verified locally","n/a","high","Codex/Luis","36 contract tests and ARCHITECTURE.md","Implemented strict URL parsing release-gated filters pagination and safe card/detail DTOs that omit internal IDs approvals evidence and rights metadata; explicitly label UI and route integration absent","Select visual target and supply approved records before route and browser integration","ACTIVE"
"CTL-015","2026-08-27","DECISION","Reference observation does not authorize cloning or mass SEO pages","Only one of three supplied web references was safely readable and it materially differs by operating a physical venue","n/a","high","Codex/Luis","REFERENCE_RESEARCH.md and official Google guidance","Reuse only general information architecture patterns; exclude venue content and keep local pages out of the manifest without coverage demand and unique value","Resolve two share links and approve coverage plus keyword data source","ACTIVE"
"CTL-016","2026-08-27","DECISION","Analytics contract is not analytics operation","A privacy-preserving event boundary can be verified without selecting or activating a tracking provider","n/a","high","Codex/Luis","MEASUREMENT_SPEC.md and 46 contract tests","Keep analytics disabled unless enabled plus own granted consent; snapshot untrusted input once; reject unknown properties and contact/profile PII; do not emit consent changes as analytics","Select CMP/provider and complete legal plus network validation before activation","ACTIVE"
"CTL-017","2026-08-27","ISSUE","Human decision package remains incomplete","Visual brand profile rights coverage channels legal infrastructure QA browser and release authority are material inputs not present in the sources","occurred","critical","Luis","DECISIONS_REQUIRED.md and LEGAL_INPUTS_REQUIRED.md","Consolidated exact P0/P1 inputs and preserved fail-closed publication; do not infer or fabricate answers","Luis supplies a versioned decision/evidence package; Codex resumes affected gates","OPEN"
"CTL-018","2026-08-27","RISK","Spanish activity and advertising classification unresolved","The brief and automatic notes use companionship and escort terminology but do not establish the exact contractual service; Spanish advertising law may materially affect the release","occurred","critical","Luis/Spanish counsel","compliance/ue-es/applicability-matrix.md and F-d0ddd59b09a70c2e","Keep publication indexing real profiles contact and commercial claims disabled; require written scope-specific Spanish legal review","Redesign or stop public promotion if counsel does not approve the exact release","OPEN"
"CTL-019","2026-08-27","CHANGE","Integrated fail-closed public vertical","The user requested at least 50 percent project execution while external content legal and infrastructure remain unavailable","occurred","high","Codex","home cities profiles detail contact legal routes plus 102 tests responsive synthetic preview and production holding HTTP evidence","Integrated a local responsive flow behind a production holding boundary with honest states gated legal/contact noindex and empty sitemap","Continue real content only after required external decisions","CLOSED"
"CTL-020","2026-08-27","ISSUE","Vinext client Link navigation failed","Vinext 1.0.0-beta.3 threw prefetch and click runtime errors for next/link","occurred","high","Codex","Chromium console and failed navigation smoke","Use scoped native anchors on public navigation and record the compatibility exception; retest produced navigation with zero console errors","Re-evaluate when Vinext is upgraded","MITIGATED"
"CTL-021","2026-08-27","ISSUE","Browser GET form emitted empty optional filters","HTML GET submission included blank controls while the strict parser originally rejected one empty value","occurred","medium","Codex","Chromium filter smoke","Treat one blank supported value as absent while continuing to reject duplicates unknown keys and ambiguous integers; regression added","Retest filters after route changes","CLOSED"
"CTL-022","2026-08-27","ISSUE","Contact flags could bypass aggregate release gate","An adversarial build showed that contact and privacy flags plus a valid URL exposed a channel while legal and release gates remained blocked","occurred","high","Codex/independent auditor","read-only adversarial HTTP test","Require aggregate release plus contact plus privacy gates; added two regressions and rebuilt; two independent fresh-server HTTP retests expose no destination","Keep a negative runtime test in every release","CLOSED"
"CTL-023","2026-08-27","ISSUE","Vinext real preview was not operational","The original development runtime continued showing the holding when the draft UI was requested","occurred","high","Codex","initial runtime development check plus later isolated-preview Chromium evidence","Added explicit loopback-only synthetic preview command and route; verified 320-1920 reflow and 404 from production while keeping the public release fail-closed","Replace with authenticated staging preview only after infrastructure and privacy decisions","CLOSED"
"CTL-024","2026-08-27","CHANGE","Persistent local CMS vertical","The user requested progress to 75 percent while production providers and real content remain unavailable","occurred","high","Codex","persistent repository media store local workbench backup restore 102 tests and Chromium UI flow","Integrated a development-only loopback CMS with roles audit idempotency recoverable archive and safe local persistence; kept it separate from public and production","Select IdP DB object storage encryption retention and run staging UAT before production use","CLOSED"
"CTL-025","2026-08-27","ISSUE","Browser form lost currentTarget after await","Direct browser E2E created a record but the UI failed before reset and refresh because currentTarget became null","occurred","medium","Codex","Chromium TypeError and persisted synthetic record after restart","Captured the form element before awaiting the API; added source regression assertions and repeated browser create/reset successfully","Keep a browser UI smoke in every CMS checkpoint","CLOSED"
"CTL-026","2026-08-27","DECISION","Host remains powered on","The prior shutdown request applied only to the previous night and was explicitly revoked","n/a","critical","Codex","direct user instruction 2026-08-27","Never shut down the PC at task completion unless the user gives a new explicit shutdown instruction","Leave all unrelated host state untouched","ACTIVE"
"CTL-027","2026-08-27","MILESTONE","Execution proxy reached 75 percent","Local implementation QA and handoff depth increased while human legal content visual and infrastructure gates remain open","occurred","high","Codex/Luis","PROJECT_CONTROL.md weighted rubric plus green validate and browser evidence","Record 75/100 execution separately from 2/20 strict verification and maintain public release NO-GO","Re-score only from new evidence; never infer acceptance readiness or legality from the proxy","CLOSED"
"CTL-028","2026-08-27","CHANGE","Local publication candidate and hardening increment","A reviewable transfer boundary and additional defensive controls were needed without activating production","occurred","high","Codex","deterministic candidate export restore regression role projections URL and filesystem guards headers 115 tests and clean package audit","Implement a local-only hashed candidate with productionActivation false and strengthen dependencies headers tokens roles media and backup limits","Require a separate authenticated staging consumer legal/content approval and deployed security review before promotion","CLOSED"
"CTL-029","2026-08-27","DECISION","Create a complete local ZIP after every completed stage","The user requested a recurring recoverable package with very simple website and GitHub upload instructions","n/a","high","Codex","direct user instruction plus STAGE_ARCHIVE_GUIDE.md and create-stage-archive.ps1","Package repository source documentation required client inputs original request inventory hashes exclusions and a plain-language guide; exclude secrets runtime data dependencies builds and Git metadata","Create and independently hash-verify a new non-overwriting ZIP at each stage close; upload only with separate authorization","ACTIVE"
"CTL-030","2026-08-27","MILESTONE","Execution proxy rebaselined below requested 95 percent","Adversarial scoring credited the hardened local checkpoint but external decisions and real-world evidence remain absent","occurred","critical","Codex/Luis","independent 84/100 pre-close audit with 90/100 local ceiling; final commit evidence and ZIP raise the checkpoint rubric","Record 87/100 local weighted execution separately from 2/20 strict verification and keep public release NO-GO","Select the visual target and provide legal content rights infrastructure channels and UAT evidence before any claim at or above 95","CLOSED"
"CTL-031","2026-08-27","ISSUE","pnpm store mismatch triggered runaway dependency recreation","The evidence wrapper invoked pnpm without the dedicated store configuration so verifyDepsBeforeRun attempted an automatic install before lint or tests","occurred","high","Codex","evidence/87-local-checkpoint-pnpm-store-failure/validate.log plus gvs-mismatch.log and targeted process metrics","Stopped only the exact child after 20 minutes and 5.6 GiB private memory; isolated the incomplete node_modules; restored 478 packages from the dedicated local store; made evidence capture verify the active store and required binaries while disabling all automatic dependency mutation","Retain the diagnostic logs; never claim this was a test failure; repeat the full gate on a clean commit","CLOSED"
"CTL-032","2026-08-27","ISSUE","Dependency advisory endpoint blocked inside sandbox","The clean evidence run passed validate but the npm advisories POST returned EACCES after retries","occurred","medium","Codex","evidence/87-local-checkpoint-sandbox-audit-failure/validate.log and pnpm-audit-production.log","Classify the sandbox audit call as NOT_TESTED; preserve its log; repeat the same audit with approved network access without changing lockfile or dependencies","Do not convert a network failure into either a vulnerability finding or a clean SCA result","CLOSED"
"CTL-033","2026-08-27","MILESTONE","Commit-bound local validation evidence captured","The checkpoint required durable proof rather than conversation-only summaries","occurred","high","Codex","evidence/87-local-checkpoint/evidence-manifest.json bound to 8231629f98e4cb2fff4264e9181286cd8dcda466","Recorded lint types 115 tests build and production dependency audit with exit code 0 timestamps environment and SHA-256 logs; retained explicit local-only limits","Re-run on any code lockfile or runtime change; do not infer UAT legal approval deployment or reachability","CLOSED"
"CTL-034","2026-08-28","ISSUE","EasyPanel selected a commit without Dockerfile","EasyPanel downloaded SHA 013307a80242c7961b1f18b2aa4edf0a7adf1ae6 and attempted a root Docker build but that commit contains no Dockerfile","occurred","high","Codex/Luis","EasyPanel build log 2026-08-28 plus local git ancestry inspection","Add a root Dockerfile on the candidate branch and require EasyPanel to select a remote SHA containing it","Keep remote deploy open until authorized push branch selection image build healthcheck and external smoke are verified","OPEN"
"CTL-035","2026-08-28","CHANGE","Add fail-closed Vinext standalone container candidate","The Docker target needed a reproducible Node runtime and Vinext beta omitted React peer packages from standalone output","occurred","high","Codex","159 tests release verify dual artifact reports and loopback standalone smoke","Generate standalone output copy runtime peers remove sourcemaps validate worker and standalone separately and package only a non-root runtime image","Docker engine EasyPanel proxy TLS deployment and external E2E remain NOT_TESTED","CLOSED"
